HomeTeam,AwayTeam,HomeGoal,AwayGoal,HomeShot,AwayShot,HomeShotOnTarget,AwayShotOnTarget,GoalDifference,Result,HomeShotQuality,AwayShotQuality,HomeShotConversion,AwayShotConversion
Man United,Leicester,2,1,8.0,13.0,6.0,4.0,1,Home Wins,75.0,30.76923076923077,25.0,7.6923076923076925
Bournemouth,Cardiff,2,0,12.0,10.0,4.0,1.0,2,Home Wins,33.33333333333333,10.0,16.666666666666664,0.0
Fulham,Crystal Palace,0,2,15.0,10.0,6.0,9.0,-2,Away Wins,40.0,90.0,0.0,20.0
Huddersfield,Chelsea,0,3,6.0,13.0,1.0,4.0,-3,Away Wins,16.666666666666664,30.76923076923077,0.0,23.076923076923077
Newcastle,Tottenham,1,2,15.0,15.0,2.0,5.0,-1,Away Wins,13.333333333333334,33.33333333333333,6.666666666666667,13.333333333333334
Watford,Brighton,2,0,19.0,6.0,5.0,0.0,2,Home Wins,26.31578947368421,0.0,10.526315789473683,0.0
Wolves,Everton,2,2,11.0,6.0,4.0,5.0,0,Draw,36.36363636363637,83.33333333333334,18.181818181818183,33.33333333333333
Arsenal,Man City,0,2,9.0,17.0,3.0,8.0,-2,Away Wins,33.33333333333333,47.05882352941176,0.0,11.76470588235294
Liverpool,West Ham,4,0,18.0,5.0,8.0,2.0,4,Home Wins,44.44444444444444,40.0,22.22222222222222,0.0
Southampton,Burnley,0,0,18.0,16.0,3.0,6.0,0,Draw,16.666666666666664,37.5,0.0,0.0
Cardiff,Newcastle,0,0,12.0,12.0,1.0,6.0,0,Draw,8.333333333333332,50.0,0.0,0.0
Chelsea,Arsenal,3,2,24.0,15.0,11.0,6.0,1,Home Wins,45.83333333333333,40.0,12.5,13.333333333333334
Everton,Southampton,2,1,13.0,15.0,7.0,4.0,1,Home Wins,53.84615384615385,26.666666666666668,15.384615384615385,6.666666666666667
Leicester,Wolves,2,0,6.0,11.0,2.0,3.0,2,Home Wins,33.33333333333333,27.27272727272727,33.33333333333333,0.0
Tottenham,Fulham,3,1,25.0,10.0,11.0,3.0,2,Home Wins,44.0,30.0,12.0,10.0
West Ham,Bournemouth,1,2,11.0,12.0,5.0,5.0,-1,Away Wins,45.45454545454545,41.66666666666667,9.090909090909092,16.666666666666664
Brighton,Man United,3,2,6.0,9.0,3.0,3.0,1,Home Wins,50.0,33.33333333333333,50.0,22.22222222222222
Burnley,Watford,1,3,8.0,9.0,3.0,6.0,-2,Away Wins,37.5,66.66666666666666,12.5,33.33333333333333
Man City,Huddersfield,6,1,32.0,5.0,14.0,1.0,5,Home Wins,43.75,20.0,18.75,20.0
Crystal Palace,Liverpool,0,2,8.0,16.0,2.0,6.0,-2,Away Wins,25.0,37.5,0.0,12.5
Arsenal,West Ham,3,1,17.0,13.0,10.0,5.0,2,Home Wins,58.82352941176471,38.46153846153847,17.647058823529413,7.6923076923076925
Bournemouth,Everton,2,2,17.0,11.0,5.0,3.0,0,Draw,29.411764705882355,27.27272727272727,11.76470588235294,18.181818181818183
Huddersfield,Cardiff,0,0,5.0,14.0,1.0,4.0,0,Draw,20.0,28.57142857142857,0.0,0.0
Liverpool,Brighton,1,0,22.0,6.0,8.0,2.0,1,Home Wins,36.36363636363637,33.33333333333333,4.545454545454546,0.0
Southampton,Leicester,1,2,11.0,8.0,5.0,5.0,-1,Away Wins,45.45454545454545,62.5,9.090909090909092,25.0
Wolves,Man City,1,1,11.0,18.0,2.0,6.0,0,Draw,18.181818181818183,33.33333333333333,9.090909090909092,5.555555555555555
Fulham,Burnley,4,2,25.0,12.0,12.0,2.0,2,Home Wins,48.0,16.666666666666664,16.0,16.666666666666664
Newcastle,Chelsea,1,2,6.0,15.0,2.0,3.0,-1,Away Wins,33.33333333333333,20.0,16.666666666666664,13.333333333333334
Watford,Crystal Palace,2,1,13.0,9.0,5.0,3.0,1,Home Wins,38.46153846153847,33.33333333333333,15.384615384615385,11.11111111111111
Man United,Tottenham,0,3,23.0,9.0,5.0,5.0,-3,Away Wins,21.73913043478261,55.55555555555556,0.0,33.33333333333333
Brighton,Fulham,2,2,15.0,10.0,5.0,5.0,0,Draw,33.33333333333333,50.0,13.333333333333334,20.0
Chelsea,Bournemouth,2,0,24.0,8.0,6.0,1.0,2,Home Wins,25.0,12.5,8.333333333333332,0.0
Crystal Palace,Southampton,0,2,20.0,19.0,6.0,6.0,-2,Away Wins,30.0,31.57894736842105,0.0,10.526315789473683
Everton,Huddersfield,1,1,11.0,9.0,1.0,6.0,0,Draw,9.090909090909092,66.66666666666666,9.090909090909092,11.11111111111111
Leicester,Liverpool,1,2,12.0,10.0,5.0,4.0,-1,Away Wins,41.66666666666667,40.0,8.333333333333332,20.0
Man City,Newcastle,2,1,24.0,3.0,8.0,2.0,1,Home Wins,33.33333333333333,66.66666666666666,8.333333333333332,33.33333333333333
West Ham,Wolves,0,1,13.0,15.0,3.0,6.0,-1,Away Wins,23.076923076923077,40.0,0.0,6.666666666666667
Burnley,Man United,0,2,9.0,21.0,2.0,9.0,-2,Away Wins,22.22222222222222,42.857142857142854,0.0,9.523809523809524
Cardiff,Arsenal,2,3,14.0,17.0,3.0,11.0,-1,Away Wins,21.428571428571427,64.70588235294117,14.285714285714285,17.647058823529413
Watford,Tottenham,2,1,7.0,11.0,3.0,2.0,1,Home Wins,42.857142857142854,18.181818181818183,28.57142857142857,9.090909090909092
Bournemouth,Leicester,4,2,10.0,14.0,5.0,8.0,2,Home Wins,50.0,57.14285714285714,40.0,14.285714285714285
Chelsea,Cardiff,4,1,18.0,6.0,7.0,2.0,3,Home Wins,38.88888888888889,33.33333333333333,22.22222222222222,16.666666666666664
Huddersfield,Crystal Palace,0,1,15.0,7.0,2.0,2.0,-1,Away Wins,13.333333333333334,28.57142857142857,0.0,14.285714285714285
Man City,Fulham,3,0,28.0,9.0,9.0,3.0,3,Home Wins,32.142857142857146,33.33333333333333,10.714285714285714,0.0
Newcastle,Arsenal,1,2,4.0,12.0,2.0,2.0,-1,Away Wins,50.0,16.666666666666664,25.0,16.666666666666664
Tottenham,Liverpool,1,2,11.0,17.0,3.0,10.0,-1,Away Wins,27.27272727272727,58.82352941176471,9.090909090909092,11.76470588235294
Watford,Man United,1,2,14.0,9.0,5.0,6.0,-1,Away Wins,35.714285714285715,66.66666666666666,7.142857142857142,22.22222222222222
Everton,West Ham,1,3,16.0,9.0,4.0,4.0,-2,Away Wins,25.0,44.44444444444444,6.25,33.33333333333333
Wolves,Burnley,1,0,30.0,7.0,7.0,2.0,1,Home Wins,23.333333333333332,28.57142857142857,3.3333333333333335,0.0
Southampton,Brighton,2,2,14.0,12.0,5.0,4.0,0,Draw,35.714285714285715,33.33333333333333,14.285714285714285,16.666666666666664
Brighton,Tottenham,1,2,8.0,16.0,4.0,7.0,-1,Away Wins,50.0,43.75,12.5,12.5
Burnley,Bournemouth,4,0,12.0,19.0,5.0,5.0,4,Home Wins,41.66666666666667,26.31578947368421,33.33333333333333,0.0
Cardiff,Man City,0,5,2.0,21.0,2.0,10.0,-5,Away Wins,100.0,47.61904761904761,0.0,23.809523809523807
Crystal Palace,Newcastle,0,0,16.0,6.0,4.0,3.0,0,Draw,25.0,50.0,0.0,0.0
Fulham,Watford,1,1,15.0,11.0,3.0,6.0,0,Draw,20.0,54.54545454545454,6.666666666666667,9.090909090909092
Leicester,Huddersfield,3,1,18.0,9.0,8.0,2.0,2,Home Wins,44.44444444444444,22.22222222222222,16.666666666666664,11.11111111111111
Liverpool,Southampton,3,0,12.0,7.0,4.0,1.0,3,Home Wins,33.33333333333333,14.285714285714285,25.0,0.0
Man United,Wolves,1,1,15.0,11.0,6.0,8.0,0,Draw,40.0,72.72727272727273,6.666666666666667,9.090909090909092
Arsenal,Everton,2,0,9.0,9.0,5.0,6.0,2,Home Wins,55.55555555555556,66.66666666666666,22.22222222222222,0.0
West Ham,Chelsea,0,0,6.0,17.0,1.0,6.0,0,Draw,16.666666666666664,35.294117647058826,0.0,0.0
Arsenal,Watford,2,0,9.0,13.0,2.0,4.0,2,Home Wins,22.22222222222222,30.76923076923077,22.22222222222222,0.0
Chelsea,Liverpool,1,1,10.0,13.0,4.0,6.0,0,Draw,40.0,46.15384615384615,10.0,7.6923076923076925
Everton,Fulham,3,0,19.0,6.0,6.0,0.0,3,Home Wins,31.57894736842105,0.0,15.789473684210526,0.0
Huddersfield,Tottenham,0,2,9.0,10.0,5.0,6.0,-2,Away Wins,55.55555555555556,60.0,0.0,20.0
Man City,Brighton,2,0,28.0,4.0,8.0,1.0,2,Home Wins,28.57142857142857,25.0,7.142857142857142,0.0
Newcastle,Leicester,0,2,6.0,12.0,1.0,5.0,-2,Away Wins,16.666666666666664,41.66666666666667,0.0,16.666666666666664
West Ham,Man United,3,1,8.0,9.0,3.0,4.0,2,Home Wins,37.5,44.44444444444444,37.5,11.11111111111111
Wolves,Southampton,2,0,14.0,17.0,6.0,6.0,2,Home Wins,42.857142857142854,35.294117647058826,14.285714285714285,0.0
Cardiff,Burnley,1,2,19.0,3.0,5.0,2.0,-1,Away Wins,26.31578947368421,66.66666666666666,5.263157894736842,66.66666666666666
Bournemouth,Crystal Palace,2,1,11.0,10.0,5.0,2.0,1,Home Wins,45.45454545454545,20.0,18.181818181818183,10.0
Brighton,West Ham,1,0,9.0,17.0,4.0,4.0,1,Home Wins,44.44444444444444,23.52941176470588,11.11111111111111,0.0
Burnley,Huddersfield,1,1,6.0,19.0,3.0,2.0,0,Draw,50.0,10.526315789473683,16.666666666666664,5.263157894736842
Crystal Palace,Wolves,0,1,11.0,7.0,4.0,2.0,-1,Away Wins,36.36363636363637,28.57142857142857,0.0,14.285714285714285
Leicester,Everton,1,2,8.0,17.0,2.0,8.0,-1,Away Wins,25.0,47.05882352941176,12.5,11.76470588235294
Man United,Newcastle,3,2,18.0,13.0,10.0,8.0,1,Home Wins,55.55555555555556,61.53846153846154,16.666666666666664,15.384615384615385
Tottenham,Cardiff,1,0,19.0,8.0,7.0,6.0,1,Home Wins,36.84210526315789,75.0,5.263157894736842,0.0
Watford,Bournemouth,0,4,14.0,10.0,2.0,7.0,-4,Away Wins,14.285714285714285,70.0,0.0,40.0
Fulham,Arsenal,1,5,21.0,9.0,4.0,7.0,-4,Away Wins,19.047619047619047,77.77777777777779,4.761904761904762,55.55555555555556
Liverpool,Man City,0,0,7.0,6.0,2.0,2.0,0,Draw,28.57142857142857,33.33333333333333,0.0,0.0
Southampton,Chelsea,0,3,15.0,21.0,6.0,6.0,-3,Away Wins,40.0,28.57142857142857,0.0,14.285714285714285
Bournemouth,Southampton,0,0,10.0,8.0,2.0,4.0,0,Draw,20.0,50.0,0.0,0.0
Cardiff,Fulham,4,2,22.0,9.0,5.0,4.0,2,Home Wins,22.727272727272727,44.44444444444444,18.181818181818183,22.22222222222222
Chelsea,Man United,2,2,21.0,7.0,6.0,4.0,0,Draw,28.57142857142857,57.14285714285714,9.523809523809524,28.57142857142857
Huddersfield,Liverpool,0,1,13.0,11.0,1.0,2.0,-1,Away Wins,7.6923076923076925,18.181818181818183,0.0,9.090909090909092
Man City,Burnley,5,0,24.0,5.0,10.0,0.0,5,Home Wins,41.66666666666667,0.0,20.833333333333336,0.0
Newcastle,Brighton,0,1,27.0,8.0,6.0,2.0,-1,Away Wins,22.22222222222222,25.0,0.0,12.5
West Ham,Tottenham,0,1,13.0,10.0,4.0,2.0,-1,Away Wins,30.76923076923077,20.0,0.0,10.0
Wolves,Watford,0,2,10.0,9.0,1.0,3.0,-2,Away Wins,10.0,33.33333333333333,0.0,22.22222222222222
Everton,Crystal Palace,2,0,20.0,7.0,4.0,3.0,2,Home Wins,20.0,42.857142857142854,10.0,0.0
Arsenal,Leicester,3,1,19.0,8.0,6.0,2.0,2,Home Wins,31.57894736842105,25.0,15.789473684210526,12.5
Brighton,Wolves,1,0,2.0,25.0,1.0,7.0,1,Home Wins,50.0,28.000000000000004,50.0,0.0
Fulham,Bournemouth,0,3,11.0,12.0,1.0,5.0,-3,Away Wins,9.090909090909092,41.66666666666667,0.0,25.0
Leicester,West Ham,1,1,21.0,11.0,7.0,3.0,0,Draw,33.33333333333333,27.27272727272727,4.761904761904762,9.090909090909092
Liverpool,Cardiff,4,1,19.0,2.0,7.0,1.0,3,Home Wins,36.84210526315789,50.0,21.052631578947366,50.0
Southampton,Newcastle,0,0,22.0,6.0,4.0,0.0,0,Draw,18.181818181818183,0.0,0.0,0.0
Watford,Huddersfield,3,0,12.0,13.0,6.0,7.0,3,Home Wins,50.0,53.84615384615385,25.0,0.0
Burnley,Chelsea,0,4,7.0,24.0,1.0,8.0,-4,Away Wins,14.285714285714285,33.33333333333333,0.0,16.666666666666664
Crystal Palace,Arsenal,2,2,16.0,7.0,3.0,2.0,0,Draw,18.75,28.57142857142857,12.5,28.57142857142857
Man United,Everton,2,1,14.0,14.0,10.0,6.0,1,Home Wins,71.42857142857143,42.857142857142854,14.285714285714285,7.142857142857142
Tottenham,Man City,0,1,4.0,13.0,1.0,6.0,-1,Away Wins,25.0,46.15384615384615,0.0,7.6923076923076925
Arsenal,Liverpool,1,1,12.0,13.0,4.0,4.0,0,Draw,33.33333333333333,30.76923076923077,8.333333333333332,7.6923076923076925
Bournemouth,Man United,1,2,18.0,18.0,7.0,8.0,-1,Away Wins,38.88888888888889,44.44444444444444,5.555555555555555,11.11111111111111
Cardiff,Leicester,0,1,11.0,13.0,2.0,5.0,-1,Away Wins,18.181818181818183,38.46153846153847,0.0,7.6923076923076925
Everton,Brighton,3,1,14.0,5.0,3.0,3.0,2,Home Wins,21.428571428571427,60.0,21.428571428571427,20.0
Newcastle,Watford,1,0,10.0,16.0,2.0,1.0,1,Home Wins,20.0,6.25,10.0,0.0
West Ham,Burnley,4,2,22.0,6.0,10.0,3.0,2,Home Wins,45.45454545454545,50.0,18.181818181818183,33.33333333333333
Wolves,Tottenham,2,3,16.0,10.0,7.0,8.0,-1,Away Wins,43.75,80.0,12.5,30.0
Chelsea,Crystal Palace,3,1,15.0,7.0,6.0,2.0,2,Home Wins,40.0,28.57142857142857,20.0,14.285714285714285
Man City,Southampton,6,1,18.0,12.0,8.0,6.0,5,Home Wins,44.44444444444444,50.0,33.33333333333333,8.333333333333332
Huddersfield,Fulham,1,0,10.0,7.0,2.0,1.0,1,Home Wins,20.0,14.285714285714285,10.0,0.0
Cardiff,Brighton,2,1,20.0,7.0,6.0,3.0,1,Home Wins,30.0,42.857142857142854,10.0,14.285714285714285
Crystal Palace,Tottenham,0,1,11.0,11.0,4.0,2.0,-1,Away Wins,36.36363636363637,18.181818181818183,0.0,9.090909090909092
Huddersfield,West Ham,1,1,15.0,12.0,7.0,5.0,0,Draw,46.666666666666664,41.66666666666667,6.666666666666667,8.333333333333332
Leicester,Burnley,0,0,22.0,6.0,5.0,1.0,0,Draw,22.727272727272727,16.666666666666664,0.0,0.0
Newcastle,Bournemouth,2,1,18.0,14.0,6.0,4.0,1,Home Wins,33.33333333333333,28.57142857142857,11.11111111111111,7.142857142857142
Southampton,Watford,1,1,14.0,12.0,4.0,6.0,0,Draw,28.57142857142857,50.0,7.142857142857142,8.333333333333332
Arsenal,Wolves,1,1,10.0,12.0,3.0,5.0,0,Draw,30.0,41.66666666666667,10.0,8.333333333333332
Chelsea,Everton,0,0,15.0,6.0,4.0,1.0,0,Draw,26.666666666666668,16.666666666666664,0.0,0.0
Liverpool,Fulham,2,0,20.0,8.0,7.0,3.0,2,Home Wins,35.0,37.5,10.0,0.0
Man City,Man United,3,1,17.0,6.0,5.0,1.0,2,Home Wins,29.411764705882355,16.666666666666664,17.647058823529413,16.666666666666664
Brighton,Leicester,1,1,14.0,8.0,3.0,3.0,0,Draw,21.428571428571427,37.5,7.142857142857142,12.5
Everton,Cardiff,1,0,16.0,7.0,8.0,1.0,1,Home Wins,50.0,14.285714285714285,6.25,0.0
Fulham,Southampton,3,2,10.0,19.0,5.0,8.0,1,Home Wins,50.0,42.10526315789473,30.0,10.526315789473683
Man United,Crystal Palace,0,0,12.0,13.0,5.0,2.0,0,Draw,41.66666666666667,15.384615384615385,0.0,0.0
Tottenham,Chelsea,3,1,18.0,13.0,9.0,2.0,2,Home Wins,50.0,15.384615384615385,16.666666666666664,7.6923076923076925
Watford,Liverpool,0,3,5.0,10.0,1.0,7.0,-3,Away Wins,20.0,70.0,0.0,30.0
West Ham,Man City,0,4,9.0,9.0,1.0,6.0,-4,Away Wins,11.11111111111111,66.66666666666666,0.0,44.44444444444444
Bournemouth,Arsenal,1,2,11.0,20.0,5.0,4.0,-1,Away Wins,45.45454545454545,20.0,9.090909090909092,10.0
Wolves,Huddersfield,0,2,12.0,14.0,3.0,6.0,-2,Away Wins,25.0,42.857142857142854,0.0,14.285714285714285
Burnley,Newcastle,1,2,14.0,17.0,4.0,3.0,-1,Away Wins,28.57142857142857,17.647058823529413,7.142857142857142,11.76470588235294
Cardiff,Wolves,2,1,17.0,15.0,3.0,4.0,1,Home Wins,17.647058823529413,26.666666666666668,11.76470588235294,6.666666666666667
Crystal Palace,Burnley,2,0,29.0,4.0,9.0,0.0,2,Home Wins,31.03448275862069,0.0,6.896551724137931,0.0
Huddersfield,Brighton,1,2,7.0,14.0,2.0,6.0,-1,Away Wins,28.57142857142857,42.857142857142854,14.285714285714285,14.285714285714285
Leicester,Watford,2,0,7.0,8.0,3.0,0.0,2,Home Wins,42.857142857142854,0.0,28.57142857142857,0.0
Man City,Bournemouth,3,1,16.0,4.0,6.0,1.0,2,Home Wins,37.5,25.0,18.75,25.0
Newcastle,West Ham,0,3,16.0,7.0,4.0,4.0,-3,Away Wins,25.0,57.14285714285714,0.0,42.857142857142854
Southampton,Man United,2,2,16.0,11.0,6.0,5.0,0,Draw,37.5,45.45454545454545,12.5,18.181818181818183
Arsenal,Tottenham,4,2,22.0,11.0,7.0,6.0,2,Home Wins,31.818181818181817,54.54545454545454,18.181818181818183,18.181818181818183
Chelsea,Fulham,2,0,16.0,9.0,9.0,4.0,2,Home Wins,56.25,44.44444444444444,12.5,0.0
Liverpool,Everton,1,0,16.0,9.0,3.0,3.0,1,Home Wins,18.75,33.33333333333333,6.25,0.0
Bournemouth,Huddersfield,2,1,6.0,23.0,2.0,6.0,1,Home Wins,33.33333333333333,26.08695652173913,33.33333333333333,4.3478260869565215
Brighton,Crystal Palace,3,1,9.0,18.0,3.0,5.0,2,Home Wins,33.33333333333333,27.77777777777778,33.33333333333333,5.555555555555555
Watford,Man City,1,2,11.0,15.0,7.0,7.0,-1,Away Wins,63.63636363636363,46.666666666666664,9.090909090909092,13.333333333333334
West Ham,Cardiff,3,1,17.0,9.0,11.0,5.0,2,Home Wins,64.70588235294117,55.55555555555556,17.647058823529413,11.11111111111111
Burnley,Liverpool,1,3,10.0,18.0,6.0,12.0,-2,Away Wins,60.0,66.66666666666666,10.0,16.666666666666664
Everton,Newcastle,1,1,19.0,8.0,3.0,5.0,0,Draw,15.789473684210526,62.5,5.263157894736842,12.5
Fulham,Leicester,1,1,25.0,13.0,7.0,5.0,0,Draw,28.000000000000004,38.46153846153847,4.0,7.6923076923076925
Man United,Arsenal,2,2,10.0,9.0,7.0,4.0,0,Draw,70.0,44.44444444444444,20.0,22.22222222222222
Tottenham,Southampton,3,1,13.0,18.0,8.0,5.0,2,Home Wins,61.53846153846154,27.77777777777778,23.076923076923077,5.555555555555555
Wolves,Chelsea,2,1,6.0,17.0,2.0,3.0,1,Home Wins,33.33333333333333,17.647058823529413,33.33333333333333,5.88235294117647
Arsenal,Huddersfield,1,0,14.0,6.0,2.0,0.0,1,Home Wins,14.285714285714285,0.0,7.142857142857142,0.0
Bournemouth,Liverpool,0,4,8.0,10.0,2.0,4.0,-4,Away Wins,25.0,40.0,0.0,40.0
Burnley,Brighton,1,0,14.0,14.0,4.0,1.0,1,Home Wins,28.57142857142857,7.142857142857142,7.142857142857142,0.0
Cardiff,Southampton,1,0,13.0,12.0,4.0,1.0,1,Home Wins,30.76923076923077,8.333333333333332,7.6923076923076925,0.0
Chelsea,Man City,2,0,8.0,14.0,5.0,4.0,2,Home Wins,62.5,28.57142857142857,25.0,0.0
Leicester,Tottenham,0,2,11.0,7.0,3.0,2.0,-2,Away Wins,27.27272727272727,28.57142857142857,0.0,28.57142857142857
Man United,Fulham,4,1,20.0,10.0,11.0,4.0,3,Home Wins,55.00000000000001,40.0,20.0,10.0
West Ham,Crystal Palace,3,2,13.0,8.0,6.0,4.0,1,Home Wins,46.15384615384615,50.0,23.076923076923077,25.0
Newcastle,Wolves,1,2,12.0,13.0,4.0,6.0,-1,Away Wins,33.33333333333333,46.15384615384615,8.333333333333332,15.384615384615385
Everton,Watford,2,2,12.0,15.0,5.0,3.0,0,Draw,41.66666666666667,20.0,16.666666666666664,13.333333333333334
Crystal Palace,Leicester,1,0,8.0,12.0,1.0,2.0,1,Home Wins,12.5,16.666666666666664,12.5,0.0
Fulham,West Ham,0,2,16.0,6.0,4.0,3.0,-2,Away Wins,25.0,50.0,0.0,33.33333333333333
Huddersfield,Newcastle,0,1,15.0,8.0,5.0,5.0,-1,Away Wins,33.33333333333333,62.5,0.0,12.5
Man City,Everton,3,1,13.0,9.0,5.0,2.0,2,Home Wins,38.46153846153847,22.22222222222222,23.076923076923077,11.11111111111111
Tottenham,Burnley,1,0,15.0,4.0,3.0,0.0,1,Home Wins,20.0,0.0,6.666666666666667,0.0
Watford,Cardiff,3,2,17.0,10.0,8.0,3.0,1,Home Wins,47.05882352941176,30.0,17.647058823529413,20.0
Wolves,Bournemouth,2,0,9.0,13.0,3.0,3.0,2,Home Wins,33.33333333333333,23.076923076923077,22.22222222222222,0.0
Brighton,Chelsea,1,2,6.0,10.0,2.0,3.0,-1,Away Wins,33.33333333333333,30.0,16.666666666666664,20.0
Liverpool,Man United,3,1,36.0,6.0,11.0,2.0,2,Home Wins,30.555555555555557,33.33333333333333,8.333333333333332,16.666666666666664
Southampton,Arsenal,3,2,12.0,13.0,7.0,4.0,1,Home Wins,58.333333333333336,30.76923076923077,25.0,15.384615384615385
Wolves,Liverpool,0,2,11.0,15.0,5.0,6.0,-2,Away Wins,45.45454545454545,40.0,0.0,13.333333333333334
Arsenal,Burnley,3,1,10.0,7.0,6.0,2.0,2,Home Wins,60.0,28.57142857142857,30.0,14.285714285714285
Bournemouth,Brighton,2,0,14.0,10.0,3.0,5.0,2,Home Wins,21.428571428571427,50.0,14.285714285714285,0.0
Cardiff,Man United,1,5,9.0,17.0,3.0,9.0,-4,Away Wins,33.33333333333333,52.94117647058824,11.11111111111111,29.411764705882355
Chelsea,Leicester,0,1,17.0,8.0,5.0,3.0,-1,Away Wins,29.411764705882355,37.5,0.0,12.5
Huddersfield,Southampton,1,3,16.0,13.0,5.0,6.0,-2,Away Wins,31.25,46.15384615384615,6.25,23.076923076923077
Man City,Crystal Palace,2,3,19.0,5.0,5.0,3.0,-1,Away Wins,26.31578947368421,60.0,10.526315789473683,60.0
Newcastle,Fulham,0,0,9.0,4.0,0.0,2.0,0,Draw,0.0,50.0,0.0,0.0
West Ham,Watford,0,2,18.0,11.0,7.0,5.0,-2,Away Wins,38.88888888888889,45.45454545454545,0.0,18.181818181818183
Everton,Tottenham,2,6,10.0,17.0,3.0,8.0,-4,Away Wins,30.0,47.05882352941176,20.0,35.294117647058826
Brighton,Arsenal,1,1,12.0,7.0,3.0,4.0,0,Draw,25.0,57.14285714285714,8.333333333333332,14.285714285714285
Burnley,Everton,1,5,11.0,13.0,4.0,6.0,-4,Away Wins,36.36363636363637,46.15384615384615,9.090909090909092,38.46153846153847
Crystal Palace,Cardiff,0,0,31.0,9.0,5.0,4.0,0,Draw,16.129032258064516,44.44444444444444,0.0,0.0
Fulham,Wolves,1,1,11.0,14.0,9.0,5.0,0,Draw,81.81818181818183,35.714285714285715,9.090909090909092,7.142857142857142
Leicester,Man City,2,1,10.0,11.0,5.0,4.0,1,Home Wins,50.0,36.36363636363637,20.0,9.090909090909092
Liverpool,Newcastle,4,0,16.0,6.0,8.0,2.0,4,Home Wins,50.0,33.33333333333333,25.0,0.0
Man United,Huddersfield,3,1,16.0,10.0,10.0,2.0,2,Home Wins,62.5,20.0,18.75,10.0
Tottenham,Bournemouth,5,0,10.0,14.0,7.0,4.0,5,Home Wins,70.0,28.57142857142857,50.0,0.0
Watford,Chelsea,1,2,10.0,10.0,2.0,4.0,-1,Away Wins,20.0,40.0,10.0,20.0
Southampton,West Ham,1,2,11.0,16.0,5.0,5.0,-1,Away Wins,45.45454545454545,31.25,9.090909090909092,12.5
Brighton,Everton,1,0,11.0,13.0,3.0,4.0,1,Home Wins,27.27272727272727,30.76923076923077,9.090909090909092,0.0
Fulham,Huddersfield,1,0,14.0,9.0,5.0,5.0,1,Home Wins,35.714285714285715,55.55555555555556,7.142857142857142,0.0
Leicester,Cardiff,0,1,16.0,12.0,7.0,3.0,-1,Away Wins,43.75,25.0,0.0,8.333333333333332
Liverpool,Arsenal,5,1,15.0,8.0,10.0,2.0,4,Home Wins,66.66666666666666,25.0,33.33333333333333,12.5
Tottenham,Wolves,1,3,10.0,11.0,3.0,4.0,-2,Away Wins,30.0,36.36363636363637,10.0,27.27272727272727
Watford,Newcastle,1,1,12.0,8.0,5.0,2.0,0,Draw,41.66666666666667,25.0,8.333333333333332,12.5
Burnley,West Ham,2,0,17.0,11.0,5.0,4.0,2,Home Wins,29.411764705882355,36.36363636363637,11.76470588235294,0.0
Crystal Palace,Chelsea,0,1,4.0,12.0,0.0,4.0,-1,Away Wins,0.0,33.33333333333333,0.0,8.333333333333332
Man United,Bournemouth,4,1,11.0,7.0,8.0,3.0,3,Home Wins,72.72727272727273,42.857142857142854,36.36363636363637,14.285714285714285
Southampton,Man City,1,3,5.0,14.0,4.0,6.0,-2,Away Wins,80.0,42.857142857142854,20.0,21.428571428571427
Arsenal,Fulham,4,1,16.0,9.0,9.0,4.0,3,Home Wins,56.25,44.44444444444444,25.0,11.11111111111111
Cardiff,Tottenham,0,3,6.0,13.0,3.0,4.0,-3,Away Wins,50.0,30.76923076923077,0.0,23.076923076923077
Everton,Leicester,0,1,17.0,8.0,2.0,4.0,-1,Away Wins,11.76470588235294,50.0,0.0,12.5
Bournemouth,Watford,3,3,25.0,11.0,12.0,3.0,0,Draw,48.0,27.27272727272727,12.0,27.27272727272727
Chelsea,Southampton,0,0,17.0,6.0,6.0,2.0,0,Draw,35.294117647058826,33.33333333333333,0.0,0.0
Huddersfield,Burnley,1,2,9.0,16.0,2.0,8.0,-1,Away Wins,22.22222222222222,50.0,11.11111111111111,12.5
Newcastle,Man United,0,2,14.0,16.0,3.0,7.0,-2,Away Wins,21.428571428571427,43.75,0.0,12.5
West Ham,Brighton,2,2,13.0,13.0,6.0,6.0,0,Draw,46.15384615384615,46.15384615384615,15.384615384615385,15.384615384615385
Wolves,Crystal Palace,0,2,9.0,17.0,1.0,4.0,-2,Away Wins,11.11111111111111,23.52941176470588,0.0,11.76470588235294
Man City,Liverpool,2,1,9.0,7.0,4.0,5.0,1,Home Wins,44.44444444444444,71.42857142857143,22.22222222222222,14.285714285714285
Brighton,Liverpool,0,1,7.0,10.0,0.0,3.0,-1,Away Wins,0.0,30.0,0.0,10.0
Burnley,Fulham,2,1,11.0,12.0,0.0,4.0,1,Home Wins,0.0,33.33333333333333,18.181818181818183,8.333333333333332
Cardiff,Huddersfield,0,0,3.0,14.0,0.0,2.0,0,Draw,0.0,14.285714285714285,0.0,0.0
Chelsea,Newcastle,2,1,10.0,9.0,6.0,2.0,1,Home Wins,60.0,22.22222222222222,20.0,11.11111111111111
Crystal Palace,Watford,1,2,15.0,16.0,6.0,2.0,-1,Away Wins,40.0,12.5,6.666666666666667,12.5
Leicester,Southampton,1,2,23.0,8.0,6.0,3.0,-1,Away Wins,26.08695652173913,37.5,4.3478260869565215,25.0
West Ham,Arsenal,1,0,11.0,11.0,3.0,2.0,1,Home Wins,27.27272727272727,18.181818181818183,9.090909090909092,0.0
Everton,Bournemouth,2,0,15.0,16.0,3.0,7.0,2,Home Wins,20.0,43.75,13.333333333333334,0.0
Tottenham,Man United,0,1,21.0,13.0,11.0,8.0,-1,Away Wins,52.38095238095239,61.53846153846154,0.0,7.6923076923076925
Man City,Wolves,3,0,24.0,3.0,9.0,0.0,3,Home Wins,37.5,0.0,12.5,0.0
Arsenal,Chelsea,2,0,13.0,13.0,5.0,1.0,2,Home Wins,38.46153846153847,7.6923076923076925,15.384615384615385,0.0
Bournemouth,West Ham,2,0,10.0,9.0,4.0,1.0,2,Home Wins,40.0,11.11111111111111,20.0,0.0
Liverpool,Crystal Palace,4,3,19.0,9.0,9.0,3.0,1,Home Wins,47.368421052631575,33.33333333333333,21.052631578947366,33.33333333333333
Man United,Brighton,2,1,20.0,7.0,5.0,3.0,1,Home Wins,25.0,42.857142857142854,10.0,14.285714285714285
Newcastle,Cardiff,3,0,16.0,9.0,6.0,1.0,3,Home Wins,37.5,11.11111111111111,18.75,0.0
Southampton,Everton,2,1,11.0,7.0,4.0,2.0,1,Home Wins,36.36363636363637,28.57142857142857,18.181818181818183,14.285714285714285
Watford,Burnley,0,0,9.0,11.0,4.0,3.0,0,Draw,44.44444444444444,27.27272727272727,0.0,0.0
Wolves,Leicester,4,3,12.0,16.0,7.0,6.0,1,Home Wins,58.333333333333336,37.5,33.33333333333333,18.75
Fulham,Tottenham,1,2,12.0,14.0,4.0,5.0,-1,Away Wins,33.33333333333333,35.714285714285715,8.333333333333332,14.285714285714285
Huddersfield,Man City,0,3,5.0,12.0,2.0,4.0,-3,Away Wins,40.0,33.33333333333333,0.0,25.0
Arsenal,Cardiff,2,1,15.0,19.0,4.0,2.0,1,Home Wins,26.666666666666668,10.526315789473683,13.333333333333334,5.263157894736842
Fulham,Brighton,4,2,24.0,15.0,7.0,6.0,2,Home Wins,29.166666666666668,40.0,16.666666666666664,13.333333333333334
Huddersfield,Everton,0,1,10.0,10.0,2.0,5.0,-1,Away Wins,20.0,50.0,0.0,10.0
Man United,Burnley,2,2,28.0,6.0,9.0,4.0,0,Draw,32.142857142857146,66.66666666666666,7.142857142857142,33.33333333333333
Newcastle,Man City,2,1,6.0,12.0,2.0,4.0,1,Home Wins,33.33333333333333,33.33333333333333,33.33333333333333,8.333333333333332
Wolves,West Ham,3,0,20.0,4.0,9.0,0.0,3,Home Wins,45.0,0.0,15.0,0.0
Bournemouth,Chelsea,4,0,12.0,11.0,7.0,7.0,4,Home Wins,58.333333333333336,63.63636363636363,33.33333333333333,0.0
Liverpool,Leicester,1,1,10.0,5.0,3.0,2.0,0,Draw,30.0,40.0,10.0,20.0
Southampton,Crystal Palace,1,1,13.0,15.0,4.0,3.0,0,Draw,30.76923076923077,20.0,7.6923076923076925,6.666666666666667
Tottenham,Watford,2,1,17.0,9.0,3.0,1.0,1,Home Wins,17.647058823529413,11.11111111111111,11.76470588235294,11.11111111111111
Brighton,Watford,0,0,21.0,5.0,4.0,0.0,0,Draw,19.047619047619047,0.0,0.0,0.0
Burnley,Southampton,1,1,15.0,10.0,6.0,4.0,0,Draw,40.0,40.0,6.666666666666667,10.0
Cardiff,Bournemouth,2,0,12.0,9.0,5.0,2.0,2,Home Wins,41.66666666666667,22.22222222222222,16.666666666666664,0.0
Chelsea,Huddersfield,5,0,23.0,5.0,7.0,2.0,5,Home Wins,30.434782608695656,40.0,21.73913043478261,0.0
Crystal Palace,Fulham,2,0,17.0,8.0,6.0,0.0,2,Home Wins,35.294117647058826,0.0,11.76470588235294,0.0
Everton,Wolves,1,3,13.0,8.0,4.0,4.0,-2,Away Wins,30.76923076923077,50.0,7.6923076923076925,37.5
Tottenham,Newcastle,1,0,21.0,8.0,4.0,2.0,1,Home Wins,19.047619047619047,25.0,4.761904761904762,0.0
Leicester,Man United,0,1,17.0,10.0,6.0,6.0,-1,Away Wins,35.294117647058826,60.0,0.0,10.0
Man City,Arsenal,3,1,19.0,4.0,12.0,2.0,2,Home Wins,63.1578947368421,50.0,15.789473684210526,25.0
West Ham,Liverpool,1,1,13.0,11.0,2.0,6.0,0,Draw,15.384615384615385,54.54545454545454,7.6923076923076925,9.090909090909092
Everton,Man City,0,2,4.0,15.0,1.0,4.0,-2,Away Wins,25.0,26.666666666666668,0.0,13.333333333333334
Brighton,Burnley,1,3,16.0,9.0,6.0,5.0,-2,Away Wins,37.5,55.55555555555556,6.25,33.33333333333333
Crystal Palace,West Ham,1,1,25.0,6.0,5.0,4.0,0,Draw,20.0,66.66666666666666,4.0,16.666666666666664
Fulham,Man United,0,3,15.0,15.0,3.0,7.0,-3,Away Wins,20.0,46.666666666666664,0.0,20.0
Huddersfield,Arsenal,1,2,15.0,9.0,6.0,4.0,-1,Away Wins,40.0,44.44444444444444,6.666666666666667,22.22222222222222
Liverpool,Bournemouth,3,0,20.0,12.0,9.0,2.0,3,Home Wins,45.0,16.666666666666664,15.0,0.0
Southampton,Cardiff,1,2,14.0,6.0,7.0,3.0,-1,Away Wins,50.0,50.0,7.142857142857142,33.33333333333333
Watford,Everton,1,0,7.0,9.0,2.0,4.0,1,Home Wins,28.57142857142857,44.44444444444444,14.285714285714285,0.0
Man City,Chelsea,6,0,15.0,12.0,9.0,4.0,6,Home Wins,60.0,33.33333333333333,40.0,0.0
Tottenham,Leicester,3,1,12.0,20.0,5.0,9.0,2,Home Wins,41.66666666666667,45.0,25.0,5.0
Wolves,Newcastle,1,1,22.0,9.0,6.0,3.0,0,Draw,27.27272727272727,33.33333333333333,4.545454545454546,11.11111111111111
Cardiff,Watford,1,5,15.0,12.0,6.0,7.0,-4,Away Wins,40.0,58.333333333333336,6.666666666666667,41.66666666666667
West Ham,Fulham,3,1,21.0,8.0,7.0,5.0,2,Home Wins,33.33333333333333,62.5,14.285714285714285,12.5
Bournemouth,Wolves,1,1,10.0,10.0,3.0,2.0,0,Draw,30.0,20.0,10.0,10.0
Burnley,Tottenham,2,1,10.0,17.0,4.0,6.0,1,Home Wins,40.0,35.294117647058826,20.0,5.88235294117647
Leicester,Crystal Palace,1,4,27.0,7.0,5.0,5.0,-3,Away Wins,18.51851851851852,71.42857142857143,3.7037037037037033,57.14285714285714
Newcastle,Huddersfield,2,0,29.0,3.0,12.0,1.0,2,Home Wins,41.37931034482759,33.33333333333333,6.896551724137931,0.0
Arsenal,Southampton,2,0,12.0,10.0,4.0,4.0,2,Home Wins,33.33333333333333,40.0,16.666666666666664,0.0
Man United,Liverpool,0,0,6.0,7.0,3.0,1.0,0,Draw,50.0,14.285714285714285,0.0,0.0
Cardiff,Everton,0,3,6.0,12.0,0.0,4.0,-3,Away Wins,0.0,33.33333333333333,0.0,25.0
Huddersfield,Wolves,1,0,15.0,7.0,3.0,0.0,1,Home Wins,20.0,0.0,6.666666666666667,0.0
Leicester,Brighton,2,1,19.0,15.0,3.0,3.0,1,Home Wins,15.789473684210526,20.0,10.526315789473683,6.666666666666667
Newcastle,Burnley,2,0,12.0,12.0,3.0,2.0,2,Home Wins,25.0,16.666666666666664,16.666666666666664,0.0
Arsenal,Bournemouth,5,1,16.0,13.0,6.0,5.0,4,Home Wins,37.5,38.46153846153847,31.25,7.6923076923076925
Chelsea,Tottenham,2,0,11.0,9.0,1.0,0.0,2,Home Wins,9.090909090909092,0.0,18.181818181818183,0.0
Crystal Palace,Man United,1,3,17.0,13.0,2.0,4.0,-2,Away Wins,11.76470588235294,30.76923076923077,5.88235294117647,23.076923076923077
Liverpool,Watford,5,0,19.0,5.0,10.0,3.0,5,Home Wins,52.63157894736842,60.0,26.31578947368421,0.0
Man City,West Ham,1,0,20.0,2.0,7.0,1.0,1,Home Wins,35.0,50.0,5.0,0.0
Southampton,Fulham,2,0,14.0,14.0,4.0,4.0,2,Home Wins,28.57142857142857,28.57142857142857,14.285714285714285,0.0
Bournemouth,Man City,0,1,0.0,23.0,0.0,7.0,-1,Away Wins,,30.434782608695656,,4.3478260869565215
Brighton,Huddersfield,1,0,13.0,6.0,4.0,4.0,1,Home Wins,30.76923076923077,66.66666666666666,7.6923076923076925,0.0
Burnley,Crystal Palace,1,3,18.0,10.0,4.0,4.0,-2,Away Wins,22.22222222222222,40.0,5.555555555555555,30.0
Man United,Southampton,3,2,16.0,6.0,6.0,3.0,1,Home Wins,37.5,50.0,18.75,33.33333333333333
Tottenham,Arsenal,1,1,10.0,9.0,3.0,4.0,0,Draw,30.0,44.44444444444444,10.0,11.11111111111111
West Ham,Newcastle,2,0,10.0,17.0,4.0,2.0,2,Home Wins,40.0,11.76470588235294,20.0,0.0
Wolves,Cardiff,2,0,13.0,12.0,6.0,4.0,2,Home Wins,46.15384615384615,33.33333333333333,15.384615384615385,0.0
Everton,Liverpool,0,0,7.0,10.0,3.0,3.0,0,Draw,42.857142857142854,30.0,0.0,0.0
Fulham,Chelsea,1,2,12.0,20.0,5.0,7.0,-1,Away Wins,41.66666666666667,35.0,8.333333333333332,10.0
Watford,Leicester,2,1,6.0,14.0,5.0,2.0,1,Home Wins,83.33333333333334,14.285714285714285,33.33333333333333,7.142857142857142
Cardiff,West Ham,2,0,16.0,9.0,7.0,2.0,2,Home Wins,43.75,22.22222222222222,12.5,0.0
Crystal Palace,Brighton,1,2,15.0,4.0,3.0,3.0,-1,Away Wins,20.0,75.0,6.666666666666667,50.0
Huddersfield,Bournemouth,0,2,8.0,8.0,1.0,5.0,-2,Away Wins,12.5,62.5,0.0,25.0
Leicester,Fulham,3,1,18.0,6.0,8.0,3.0,2,Home Wins,44.44444444444444,50.0,16.666666666666664,16.666666666666664
Man City,Watford,3,1,19.0,2.0,9.0,1.0,2,Home Wins,47.368421052631575,50.0,15.789473684210526,50.0
Newcastle,Everton,3,2,19.0,7.0,7.0,3.0,1,Home Wins,36.84210526315789,42.857142857142854,15.789473684210526,28.57142857142857
Southampton,Tottenham,2,1,12.0,16.0,4.0,5.0,1,Home Wins,33.33333333333333,31.25,16.666666666666664,6.25
Arsenal,Man United,2,0,14.0,14.0,3.0,4.0,2,Home Wins,21.428571428571427,28.57142857142857,14.285714285714285,0.0
Chelsea,Wolves,1,1,22.0,2.0,6.0,1.0,0,Draw,27.27272727272727,50.0,4.545454545454546,50.0
Liverpool,Burnley,4,2,23.0,3.0,5.0,2.0,2,Home Wins,21.73913043478261,66.66666666666666,17.391304347826086,66.66666666666666
Bournemouth,Newcastle,2,2,10.0,12.0,3.0,4.0,0,Draw,30.0,33.33333333333333,20.0,16.666666666666664
Burnley,Leicester,1,2,13.0,9.0,2.0,4.0,-1,Away Wins,15.384615384615385,44.44444444444444,7.6923076923076925,22.22222222222222
West Ham,Huddersfield,4,3,16.0,15.0,5.0,5.0,1,Home Wins,31.25,33.33333333333333,25.0,20.0
Everton,Chelsea,2,0,15.0,16.0,8.0,5.0,2,Home Wins,53.333333333333336,31.25,13.333333333333334,0.0
Fulham,Liverpool,1,2,7.0,16.0,2.0,6.0,-1,Away Wins,28.57142857142857,37.5,14.285714285714285,12.5
Brighton,Southampton,0,1,14.0,8.0,1.0,2.0,-1,Away Wins,7.142857142857142,25.0,0.0,12.5
Burnley,Wolves,2,0,5.0,8.0,1.0,1.0,2,Home Wins,20.0,12.5,40.0,0.0
Crystal Palace,Huddersfield,2,0,19.0,15.0,5.0,5.0,2,Home Wins,26.31578947368421,33.33333333333333,10.526315789473683,0.0
Fulham,Man City,0,2,5.0,24.0,0.0,7.0,-2,Away Wins,0.0,29.166666666666668,0.0,8.333333333333332
Leicester,Bournemouth,2,0,18.0,8.0,4.0,2.0,2,Home Wins,22.22222222222222,25.0,11.11111111111111,0.0
Man United,Watford,2,1,8.0,20.0,5.0,8.0,1,Home Wins,62.5,40.0,25.0,5.0
West Ham,Everton,0,2,3.0,17.0,1.0,9.0,-2,Away Wins,33.33333333333333,52.94117647058824,0.0,11.76470588235294
Cardiff,Chelsea,1,2,8.0,21.0,3.0,3.0,-1,Away Wins,37.5,14.285714285714285,12.5,9.523809523809524
Liverpool,Tottenham,2,1,14.0,11.0,3.0,2.0,1,Home Wins,21.428571428571427,18.181818181818183,14.285714285714285,9.090909090909092
Arsenal,Newcastle,2,0,7.0,3.0,4.0,1.0,2,Home Wins,57.14285714285714,33.33333333333333,28.57142857142857,0.0
Watford,Fulham,4,1,15.0,17.0,7.0,7.0,3,Home Wins,46.666666666666664,41.17647058823529,26.666666666666668,5.88235294117647
Wolves,Man United,2,1,9.0,18.0,2.0,4.0,1,Home Wins,22.22222222222222,22.22222222222222,22.22222222222222,5.555555555555555
Chelsea,Brighton,3,0,17.0,3.0,4.0,1.0,3,Home Wins,23.52941176470588,33.33333333333333,17.647058823529413,0.0
Man City,Cardiff,2,0,27.0,4.0,11.0,1.0,2,Home Wins,40.74074074074074,25.0,7.4074074074074066,0.0
Tottenham,Crystal Palace,2,0,26.0,5.0,10.0,1.0,2,Home Wins,38.46153846153847,20.0,7.6923076923076925,0.0
Southampton,Liverpool,1,3,11.0,17.0,1.0,5.0,-2,Away Wins,9.090909090909092,29.411764705882355,9.090909090909092,17.647058823529413
Bournemouth,Burnley,1,3,10.0,11.0,2.0,3.0,-2,Away Wins,20.0,27.27272727272727,10.0,27.27272727272727
Huddersfield,Leicester,1,4,10.0,18.0,4.0,9.0,-3,Away Wins,40.0,50.0,10.0,22.22222222222222
Newcastle,Crystal Palace,0,1,18.0,3.0,5.0,1.0,-1,Away Wins,27.77777777777778,33.33333333333333,0.0,33.33333333333333
Everton,Arsenal,1,0,23.0,7.0,6.0,2.0,1,Home Wins,26.08695652173913,28.57142857142857,4.3478260869565215,0.0
Chelsea,West Ham,2,0,16.0,9.0,7.0,2.0,2,Home Wins,43.75,22.22222222222222,12.5,0.0
Leicester,Newcastle,0,1,12.0,11.0,5.0,5.0,-1,Away Wins,41.66666666666667,45.45454545454545,0.0,9.090909090909092
Brighton,Bournemouth,0,5,8.0,14.0,1.0,7.0,-5,Away Wins,12.5,50.0,0.0,35.714285714285715
Burnley,Cardiff,2,0,14.0,14.0,7.0,2.0,2,Home Wins,50.0,14.285714285714285,14.285714285714285,0.0
Fulham,Everton,2,0,12.0,8.0,5.0,1.0,2,Home Wins,41.66666666666667,12.5,16.666666666666664,0.0
Man United,West Ham,2,1,14.0,18.0,4.0,4.0,1,Home Wins,28.57142857142857,22.22222222222222,14.285714285714285,5.555555555555555
Southampton,Wolves,3,1,13.0,17.0,6.0,2.0,2,Home Wins,46.15384615384615,11.76470588235294,23.076923076923077,5.88235294117647
Tottenham,Huddersfield,4,0,22.0,7.0,5.0,1.0,4,Home Wins,22.727272727272727,14.285714285714285,18.181818181818183,0.0
Crystal Palace,Man City,1,3,7.0,20.0,3.0,6.0,-2,Away Wins,42.857142857142854,30.0,14.285714285714285,15.0
Liverpool,Chelsea,2,0,15.0,6.0,7.0,3.0,2,Home Wins,46.666666666666664,50.0,13.333333333333334,0.0
Watford,Arsenal,0,1,11.0,19.0,3.0,6.0,-1,Away Wins,27.27272727272727,31.57894736842105,0.0,5.263157894736842
Brighton,Cardiff,0,2,14.0,10.0,2.0,3.0,-2,Away Wins,14.285714285714285,30.0,0.0,20.0
Bournemouth,Fulham,0,1,15.0,17.0,5.0,5.0,-1,Away Wins,33.33333333333333,29.411764705882355,0.0,5.88235294117647
Huddersfield,Watford,1,2,13.0,11.0,3.0,6.0,-1,Away Wins,23.076923076923077,54.54545454545454,7.6923076923076925,18.181818181818183
Man City,Tottenham,1,0,15.0,10.0,4.0,4.0,1,Home Wins,26.666666666666668,40.0,6.666666666666667,0.0
Newcastle,Southampton,3,1,15.0,15.0,6.0,3.0,2,Home Wins,40.0,20.0,20.0,6.666666666666667
West Ham,Leicester,2,2,11.0,11.0,3.0,5.0,0,Draw,27.27272727272727,45.45454545454545,18.181818181818183,18.181818181818183
Wolves,Brighton,0,0,22.0,5.0,5.0,0.0,0,Draw,22.727272727272727,0.0,0.0,0.0
Arsenal,Crystal Palace,2,3,12.0,16.0,5.0,7.0,-1,Away Wins,41.66666666666667,43.75,16.666666666666664,18.75
Cardiff,Liverpool,0,2,7.0,17.0,2.0,6.0,-2,Away Wins,28.57142857142857,35.294117647058826,0.0,11.76470588235294
Everton,Man United,4,0,15.0,7.0,8.0,1.0,4,Home Wins,53.333333333333336,14.285714285714285,26.666666666666668,0.0
Chelsea,Burnley,2,2,22.0,6.0,9.0,3.0,0,Draw,40.909090909090914,50.0,9.090909090909092,33.33333333333333
Tottenham,Brighton,1,0,29.0,6.0,5.0,1.0,1,Home Wins,17.24137931034483,16.666666666666664,3.4482758620689653,0.0
Watford,Southampton,1,1,15.0,8.0,4.0,4.0,0,Draw,26.666666666666668,50.0,6.666666666666667,12.5
Man United,Man City,0,2,12.0,8.0,1.0,5.0,-2,Away Wins,8.333333333333332,62.5,0.0,25.0
Wolves,Arsenal,3,1,11.0,11.0,3.0,1.0,2,Home Wins,27.27272727272727,9.090909090909092,27.27272727272727,9.090909090909092
Liverpool,Huddersfield,5,0,21.0,5.0,7.0,1.0,5,Home Wins,33.33333333333333,20.0,23.809523809523807,0.0
Brighton,Newcastle,1,1,9.0,9.0,2.0,1.0,0,Draw,22.22222222222222,11.11111111111111,11.11111111111111,11.11111111111111
Crystal Palace,Everton,0,0,8.0,22.0,0.0,3.0,0,Draw,0.0,13.636363636363635,0.0,0.0
Fulham,Cardiff,1,0,8.0,13.0,2.0,8.0,1,Home Wins,25.0,61.53846153846154,12.5,0.0
Southampton,Bournemouth,3,3,22.0,9.0,7.0,5.0,0,Draw,31.818181818181817,55.55555555555556,13.636363636363635,33.33333333333333
Tottenham,West Ham,0,1,14.0,16.0,4.0,7.0,-1,Away Wins,28.57142857142857,43.75,0.0,6.25
Watford,Wolves,1,2,10.0,11.0,1.0,4.0,-1,Away Wins,10.0,36.36363636363637,10.0,18.181818181818183
Burnley,Man City,0,1,2.0,25.0,0.0,7.0,-1,Away Wins,0.0,28.000000000000004,0.0,4.0
Leicester,Arsenal,3,0,24.0,6.0,12.0,1.0,3,Home Wins,50.0,16.666666666666664,12.5,0.0
Man United,Chelsea,1,1,7.0,16.0,5.0,3.0,0,Draw,71.42857142857143,18.75,14.285714285714285,6.25
Everton,Burnley,2,0,20.0,5.0,6.0,1.0,2,Home Wins,30.0,20.0,10.0,0.0
Bournemouth,Tottenham,1,0,20.0,11.0,6.0,5.0,1,Home Wins,30.0,45.45454545454545,5.0,0.0
Cardiff,Crystal Palace,2,3,18.0,21.0,8.0,7.0,-1,Away Wins,44.44444444444444,33.33333333333333,11.11111111111111,14.285714285714285
Newcastle,Liverpool,2,3,14.0,11.0,7.0,4.0,-1,Away Wins,50.0,36.36363636363637,14.285714285714285,27.27272727272727
West Ham,Southampton,3,0,17.0,11.0,6.0,1.0,3,Home Wins,35.294117647058826,9.090909090909092,17.647058823529413,0.0
Wolves,Fulham,1,0,19.0,6.0,6.0,2.0,1,Home Wins,31.57894736842105,33.33333333333333,5.263157894736842,0.0
Arsenal,Brighton,1,1,20.0,11.0,8.0,5.0,0,Draw,40.0,45.45454545454545,5.0,9.090909090909092
Chelsea,Watford,3,0,19.0,15.0,9.0,3.0,3,Home Wins,47.368421052631575,20.0,15.789473684210526,0.0
Huddersfield,Man United,1,1,7.0,23.0,3.0,7.0,0,Draw,42.857142857142854,30.434782608695656,14.285714285714285,4.3478260869565215
Man City,Leicester,1,0,19.0,7.0,5.0,2.0,1,Home Wins,26.31578947368421,28.57142857142857,5.263157894736842,0.0
Brighton,Man City,1,4,6.0,20.0,2.0,9.0,-3,Away Wins,33.33333333333333,45.0,16.666666666666664,20.0
Burnley,Arsenal,1,3,14.0,17.0,5.0,6.0,-2,Away Wins,35.714285714285715,35.294117647058826,7.142857142857142,17.647058823529413
Crystal Palace,Bournemouth,5,3,17.0,16.0,8.0,8.0,2,Home Wins,47.05882352941176,50.0,29.411764705882355,18.75
Fulham,Newcastle,0,4,16.0,13.0,2.0,6.0,-4,Away Wins,12.5,46.15384615384615,0.0,30.76923076923077
Leicester,Chelsea,0,0,9.0,14.0,3.0,4.0,0,Draw,33.33333333333333,28.57142857142857,0.0,0.0
Liverpool,Wolves,2,0,13.0,7.0,5.0,2.0,2,Home Wins,38.46153846153847,28.57142857142857,15.384615384615385,0.0
Man United,Cardiff,0,2,26.0,13.0,10.0,4.0,-2,Away Wins,38.46153846153847,30.76923076923077,0.0,15.384615384615385
Southampton,Huddersfield,1,1,10.0,10.0,3.0,3.0,0,Draw,30.0,30.0,10.0,10.0
Tottenham,Everton,2,2,11.0,17.0,3.0,9.0,0,Draw,27.27272727272727,52.94117647058824,18.181818181818183,11.76470588235294
Watford,West Ham,1,4,17.0,16.0,8.0,9.0,-3,Away Wins,47.05882352941176,56.25,5.88235294117647,25.0
